Name,Damage,Critical Strike Chance,Attacks,Requirements,Implicit 1,Implicit 2,Weapon type,Handedness
Weathered Club,Physical Damage: 6-8,Critical Strike Chance: 5%,Attack Speed: 1.45,"Requires 14 Str",10% reduced Enemy Stagger Threshold,,Mace,One Handed
Tribal Bludgeon,Physical Damage: 8-13,Critical Strike Chance: 5%,Attack Speed: 1.4,"Requires Level 5, 26 Str",10% reduced Enemy Stagger Threshold,,Mace,One Handed
Spiked Mallet,Physical Damage: 13-16,Critical Strike Chance: 5%,Attack Speed: 1.45,"Requires Level 10, 41 Str",10% reduced Enemy Stagger Threshold,,Mace,One Handed
Stone Maul,Physical Damage: 15-27,Critical Strike Chance: 5%,Attack Speed: 1.3,"Requires Level 15, 56 Str",15% reduced Enemy Stagger Threshold,,Mace,One Handed
War Breaker,Physical Damage: 13-31,Critical Strike Chance: 5%,Attack Speed: 1.45,"Requires Level 20, 71 Str",10% reduced Enemy Stagger Threshold,,Mace,One Handed
Bladed Club,Physical Damage: 19-32,Critical Strike Chance: 5%,Attack Speed: 1.4,"Requires Level 24, 83 Str",10% reduced Enemy Stagger Threshold,,Mace,One Handed
Ritual Mace,Physical Damage: 32-40,Critical Strike Chance: 5%,Attack Speed: 1.2,"Requires Level 28, 95 Str",15% reduced Enemy Stagger Threshold,,Mace,One Handed
Dreambreaker,Physical Damage: 21-43,Critical Strike Chance: 5%,Attack Speed: 1.4,"Requires Level 32, 107 Str",10% reduced Enemy Stagger Threshold,,Mace,One Handed
Wyrmbone Club,Physical Damage: 28-42,Critical Strike Chance: 5%,Attack Speed: 1.35,"Requires Level 34, 118 Str",4% increased Attack Speed,,Mace,One Handed
Petrified Mallet,Physical Damage: 31-51,Critical Strike Chance: 5%,Attack Speed: 1.25,"Requires Level 35, 116 Str",10% reduced Enemy Stagger Threshold,,Mace,One Handed
Barbed Hammer,Physical Damage: 33-42,Critical Strike Chance: 5%,Attack Speed: 1.4,"Requires Level 38, 125 Str",10% reduced Enemy Stagger Threshold,,Mace,One Handed
Rock Splitter,Physical Damage: 37-69,Critical Strike Chance: 5%,Attack Speed: 1.15,"Requires Level 41, 134 Str",15% reduced Enemy Stagger Threshold,,Mace,One Handed
Battle Maul,Physical Damage: 25-59,Critical Strike Chance: 5%,Attack Speed: 1.4,"Requires Level 44, 143 Str",10% reduced Enemy Stagger Threshold,,Mace,One Handed
Flanged Club,Physical Damage: 38-63,Critical Strike Chance: 5%,Attack Speed: 1.3,"Requires Level 47, 152 Str",10% reduced Enemy Stagger Threshold,,Mace,One Handed
Ornate Hammer,Physical Damage: 53-67,Critical Strike Chance: 5%,Attack Speed: 1.2,"Requires Level 50, 161 Str",15% reduced Enemy Stagger Threshold,,Mace,One Handed
Phantom Maul,Physical Damage: 33-69,Critical Strike Chance: 5%,Attack Speed: 1.4,"Requires Level 53, 170 Str",10% reduced Enemy Stagger Threshold,,Mace,One Handed
Dragon Mace,Physical Damage: 44-66,Critical Strike Chance: 5%,Attack Speed: 1.35,"Requires Level 55, 184 Str",4% increased Attack Speed,,Mace,One Handed
Ancestor's Club,Physical Damage: 48-80,Critical Strike Chance: 5%,Attack Speed: 1.25,"Requires Level 56, 179 Str",10% reduced Enemy Stagger Threshold,,Mace,One Handed
Flesh Tenderizer,Physical Damage: 49-62,Critical Strike Chance: 5%,Attack Speed: 1.4,"Requires Level 58, 185 Str",10% reduced Enemy Stagger Threshold,,Mace,One Handed
Ritual Gavel,Physical Damage: 54-101,Critical Strike Chance: 5%,Attack Speed: 1.15,"Requires Level 60, 212 Str",15% reduced Enemy Stagger Threshold,,Mace,One Handed
Legion Maul,Physical Damage: 35-81,Critical Strike Chance: 5%,Attack Speed: 1.4,"Requires Level 62, 212 Str",10% reduced Enemy Stagger Threshold,,Mace,One Handed
Pernach Bludgeon,Physical Damage: 49-82,Critical Strike Chance: 5%,Attack Speed: 1.3,"Requires Level 64, 212 Str",10% reduced Enemy Stagger Threshold,,Mace,One Handed
Auric Hammer,Physical Damage: 65-82,Critical Strike Chance: 5%,Attack Speed: 1.2,"Requires Level 66, 212 Str",15% reduced Enemy Stagger Threshold,,Mace,One Handed
Nightmare Gavel,Physical Damage: 38-80,Critical Strike Chance: 5%,Attack Speed: 1.4,"Requires Level 68, 212 Str",10% reduced Enemy Stagger Threshold,,Mace,One Handed
Behemoth Mace,Physical Damage: 49-74,Critical Strike Chance: 5%,Attack Speed: 1.35,"Requires Level 70, 220 Str",6% increased Attack Speed,,Mace,One Handed
Worn Sceptre,Physical Damage: 8-11,Critical Strike Chance: 7%,Attack Speed: 1.2,"Requires 8 Str, 8 Int",10% increased Elemental Damage,,Sceptre,One Handed
Shadowwood Sceptre,Physical Damage: 11-17,Critical Strike Chance: 7%,Attack Speed: 1.2,"Requires Level 5, 14 Str, 14 Int",12% increased Elemental Damage,,Sceptre,One Handed
Bronze Rod,Physical Damage: 15-29,Critical Strike Chance: 7%,Attack Speed: 1.1,"Requires Level 10, 22 Str, 22 Int",12% increased Elemental Damage,,Sceptre,One Handed
Quartz Baton,Physical Damage: 21-32,Critical Strike Chance: 8%,Attack Speed: 1.1,"Requires Level 15, 25 Str, 35 Int",20% increased Elemental Damage,,Sceptre,One Handed
Iron Wand,Physical Damage: 27-40,Critical Strike Chance: 7%,Attack Speed: 1.1,"Requires Level 20, 38 Str, 38 Int",14% increased Elemental Damage,,Sceptre,One Handed
Ochre Sceptre,Physical Damage: 24-45,Critical Strike Chance: 7%,Attack Speed: 1.15,"Requires Level 24, 44 Str, 44 Int",16% increased Elemental Damage,,Sceptre,One Handed
Ritual Rod,Physical Damage: 21-50,Critical Strike Chance: 7%,Attack Speed: 1.2,"Requires Level 28, 51 Str, 51 Int",16% increased Elemental Damage,,Sceptre,One Handed
Umbral Sceptre,Physical Damage: 29-44,Critical Strike Chance: 7.3%,Attack Speed: 1.25,"Requires Level 32, 52 Str, 62 Int",22% increased Elemental Damage,,Sceptre,One Handed
Horned Baton,Physical Damage: 27-50,Critical Strike Chance: 7%,Attack Speed: 1.3,"Requires Level 36, 66 Str, 66 Int",Damage Penetrates 4% Elemental Resistances,,Sceptre,One Handed
Grinning Idol,Physical Damage: 24-36,Critical Strike Chance: 7%,Attack Speed: 1.5,"Requires Level 35, 62 Str, 62 Int",18% increased Elemental Damage,,Sceptre,One Handed
Sand Sekhem,Physical Damage: 30-55,Critical Strike Chance: 7%,Attack Speed: 1.25,"Requires Level 38, 67 Str, 67 Int",18% increased Elemental Damage,,Sceptre,One Handed
Crystal Baton,Physical Damage: 35-52,Critical Strike Chance: 8%,Attack Speed: 1.25,"Requires Level 41, 59 Str, 85 Int",30% increased Elemental Damage,,Sceptre,One Handed
Lead Rod,Physical Damage: 38-57,Critical Strike Chance: 7%,Attack Speed: 1.25,"Requires Level 44, 77 Str, 77 Int",22% increased Elemental Damage,,Sceptre,One Handed
Blooded Sceptre,Physical Damage: 30-55,Critical Strike Chance: 7%,Attack Speed: 1.4,"Requires Level 47, 81 Str, 81 Int",24% increased Elemental Damage,,Sceptre,One Handed
Royal Baton,Physical Damage: 34-80,Critical Strike Chance: 7%,Attack Speed: 1.2,"Requires Level 50, 86 Str, 86 Int",24% increased Elemental Damage,,Sceptre,One Handed
Abyssal Rod,Physical Damage: 45-67,Critical Strike Chance: 7.3%,Attack Speed: 1.25,"Requires Level 53, 83 Str, 99 Int",30% increased Elemental Damage,,Sceptre,One Handed
Stag Horn Sceptre,Physical Damage: 39-72,Critical Strike Chance: 7%,Attack Speed: 1.3,"Requires Level 55, 98 Str, 98 Int",Damage Penetrates 4% Elemental Resistances,,Sceptre,One Handed
Karui Baton,Physical Damage: 37-55,Critical Strike Chance: 7%,Attack Speed: 1.5,"Requires Level 56, 96 Str, 96 Int",26% increased Elemental Damage,,Sceptre,One Handed
Tyrant's Fetish,Physical Damage: 43-80,Critical Strike Chance: 7%,Attack Speed: 1.25,"Requires Level 58, 99 Str, 99 Int",26% increased Elemental Damage,,Sceptre,One Handed
Opaline Sceptre,Physical Damage: 49-73,Critical Strike Chance: 8%,Attack Speed: 1.25,"Requires Level 60, 95 Str, 131 Int",40% increased Elemental Damage,,Sceptre,One Handed
Platinum Rod,Physical Damage: 51-76,Critical Strike Chance: 7%,Attack Speed: 1.25,"Requires Level 62, 113 Str, 113 Int",30% increased Elemental Damage,,Sceptre,One Handed
Vaal Baton,Physical Damage: 37-70,Critical Strike Chance: 7%,Attack Speed: 1.4,"Requires Level 64, 113 Str, 113 Int",32% increased Elemental Damage,,Sceptre,One Handed
Carnal Rod,Physical Damage: 41-95,Critical Strike Chance: 7%,Attack Speed: 1.2,"Requires Level 66, 113 Str, 113 Int",32% increased Elemental Damage,,Sceptre,One Handed
Void Sceptre,Physical Damage: 50-76,Critical Strike Chance: 7.3%,Attack Speed: 1.25,"Requires Level 68, 104 Str, 122 Int",40% increased Elemental Damage,,Sceptre,One Handed
Sambar Baton,Physical Damage: 42-78,Critical Strike Chance: 7%,Attack Speed: 1.3,"Requires Level 70, 121 Str, 113 Int",Damage Penetrates 6% Elemental Resistances,,Sceptre,One Handed
Worn Wand,Physical Damage: 5-9,Critical Strike Chance: 8.3%,Attack Speed: 1.6,"Requires 14 Int",(8–12)% increased Spell Damage,,Wand,One Handed
Goat's Fang,Physical Damage: 7-13,Critical Strike Chance: 9%,Attack Speed: 1.4,"Requires Level 6, 29 Int",Adds (1–2) to (3–4) Fire Damage to Spells and Attacks,,Wand,One Handed
Carved Rod,Physical Damage: 9-16,Critical Strike Chance: 8%,Attack Speed: 1.6,"Requires Level 12, 47 Int",(11–15)% increased Spell Damage,,Wand,One Handed
Quartz Wand,Physical Damage: 12-23,Critical Strike Chance: 9%,Attack Speed: 1.45,"Requires Level 18, 65 Int",Adds (2–3) to (4–7) Cold Damage to Spells and Attacks,,Wand,One Handed
Spiral Rod,Physical Damage: 11-32,Critical Strike Chance: 9%,Attack Speed: 1.45,"Requires Level 24, 83 Int",Adds (1–2) to (9–11) Lightning Damage to Spells and Attacks,,Wand,One Handed
Sage Baton,Physical Damage: 18-34,Critical Strike Chance: 10%,Attack Speed: 1.4,"Requires Level 30, 119 Int",(17–21)% increased Spell Damage,,Wand,One Handed
Pagan Wand,Physical Damage: 20-37,Critical Strike Chance: 8.5%,Attack Speed: 1.45,"Requires Level 34, 118 Int",10% increased Cast Speed,,Wand,One Handed
Faun's Horn,Physical Damage: 21-38,Critical Strike Chance: 8.5%,Attack Speed: 1.4,"Requires Level 35, 116 Int",Adds (5–10) to (11–13) Fire Damage to Spells and Attacks,,Wand,One Handed
Etched Wand,Physical Damage: 19-36,Critical Strike Chance: 8%,Attack Speed: 1.6,"Requires Level 40, 131 Int",(22–26)% increased Spell Damage,,Wand,One Handed
Crystal Baton,Physical Damage: 24-45,Critical Strike Chance: 9%,Attack Speed: 1.45,"Requires Level 45, 146 Int",Adds (4–8) to (10–12) Cold Damage to Spells and Attacks,,Wand,One Handed
Coiled Rod,Physical Damage: 18-55,Critical Strike Chance: 9%,Attack Speed: 1.45,"Requires Level 49, 158 Int",Adds (1–2) to (22–24) Lightning Damage to Spells and Attacks,,Wand,One Handed
Omen Wand,Physical Damage: 26-49,Critical Strike Chance: 10%,Attack Speed: 1.4,"Requires Level 53, 200 Int",(27–31)% increased Spell Damage,,Wand,One Handed
Heathen Rod,Physical Damage: 28-52,Critical Strike Chance: 8%,Attack Speed: 1.45,"Requires Level 55, 184 Int",10% increased Cast Speed,,Wand,One Handed
Demon's Fang,Physical Damage: 31-57,Critical Strike Chance: 9.5%,Attack Speed: 1.4,"Requires Level 56, 179 Int",Adds (18–36) to (53–59) Fire Damage to Spells and Attacks,,Wand,One Handed
Imbued Wand,Physical Damage: 27-50,Critical Strike Chance: 8%,Attack Speed: 1.6,"Requires Level 59, 188 Int",(33–37)% increased Spell Damage,,Wand,One Handed
Opaline Rod,Physical Damage: 30-56,Critical Strike Chance: 9%,Attack Speed: 1.45,"Requires Level 62, 212 Int",Adds (14–29) to (42–47) Cold Damage to Spells and Attacks,,Wand,One Handed
Tornado Wand,Physical Damage: 22-65,Critical Strike Chance: 9%,Attack Speed: 1.45,"Requires Level 65, 212 Int",Adds (3–5) to (70–82) Lightning Damage to Spells and Attacks,,Wand,One Handed
Prophecy Rod,Physical Damage: 28-52,Critical Strike Chance: 10%,Attack Speed: 1.4,"Requires Level 68, 245 Int",(36–40)% increased Spell Damage,,Wand,One Handed
Profane Baton,Physical Damage: 30-56,Critical Strike Chance: 8.5%,Attack Speed: 1.45,"Requires Level 70, 237 Int",14% increased Cast Speed,,Wand,One Handed
Glass Shiv,Physical Damage: 6-10,Critical Strike Chance: 7.5%,Attack Speed: 1.5,"Requires 9 Dex, 6 Int",30% increased Global Critical Strike Chance,,Dagger,One Handed
Skinner's Knife,Physical Damage: 4-17,Critical Strike Chance: 7.5%,Attack Speed: 1.45,"Requires Level 5, 16 Dex, 11 Int",30% increased Global Critical Strike Chance,,Dagger,One Handed
Needle Dagger,Physical Damage: 7-27,Critical Strike Chance: 7.8%,Attack Speed: 1.5,"Requires Level 15, 30 Dex, 30 Int",30% increased Global Critical Strike Chance,,Dagger,One Handed
Pronged Stiletto,Physical Damage: 14-54,Critical Strike Chance: 8%,Attack Speed: 1.35,"Requires Level 36, 55 Dex, 77 Int",4% Chance to Block Attack Damage,,Dagger,One Handed
Flayer's Knife,Physical Damage: 11-45,Critical Strike Chance: 7.5%,Attack Speed: 1.4,"Requires Level 30, 64 Dex, 44 Int",30% increased Global Critical Strike Chance,,Dagger,One Handed
Poignant Dagger,Physical Damage: 13-52,Critical Strike Chance: 7.8%,Attack Speed: 1.5,"Requires Level 41, 72 Dex, 72 Int",30% increased Global Critical Strike Chance,,Dagger,One Handed
Trisula Blade,Physical Damage: 19-74,Critical Strike Chance: 8.5%,Attack Speed: 1.35,"Requires Level 51, 83 Dex, 99 Int",4% Chance to Block Attack Damage,,Dagger,One Handed
Gut Knife,Physical Damage: 19-76,Critical Strike Chance: 8.5%,Attack Speed: 1.4,"Requires Level 56, 113 Dex, 78 Int",30% increased Global Critical Strike Chance,,Dagger,One Handed
Ambusher's Edge,Physical Damage: 19-74,Critical Strike Chance: 7.8%,Attack Speed: 1.5,"Requires Level 60, 113 Dex, 113 Int",30% increased Global Critical Strike Chance,,Dagger,One Handed
Sai Blade,Physical Damage: 22-88,Critical Strike Chance: 8%,Attack Speed: 1.35,"Requires Level 70, 121 Dex, 121 Int",6% Chance to Block Attack Damage,,Dagger,One Handed
Nailed Claw,Physical Damage: 4-11,Critical Strike Chance: 7.3%,Attack Speed: 1.6,"Requires Level 3, 11 Dex, 11 Int",Grants 3 Life per Enemy Hit,,Claw,One Handed
Sharkfang Talon,Physical Damage: 6-17,Critical Strike Chance: 8%,Attack Speed: 1.5,"Requires Level 7, 14 Dex, 20 Int",Grants 6 Life per Enemy Hit,,Claw,One Handed
Awl Claw,Physical Damage: 7-23,Critical Strike Chance: 7.5%,Attack Speed: 1.55,"Requires Level 12, 25 Dex, 25 Int",Grants 7 Life per Enemy Hit,,Claw,One Handed
Cat's Talon,Physical Damage: 12-22,Critical Strike Chance: 7%,Attack Speed: 1.6,"Requires Level 17, 39 Dex, 27 Int",Grants 8 Life per Enemy Hit,,Claw,One Handed
Blinder Claw,Physical Damage: 12-31,Critical Strike Chance: 7.5%,Attack Speed: 1.55,"Requires Level 22, 41 Dex, 41 Int",Grants 12 Life per Enemy Hit,,Claw,One Handed
Ancient Fang,Physical Damage: 16-43,Critical Strike Chance: 8%,Attack Speed: 1.3,"Requires Level 26, 39 Dex, 56 Int",Grants 19 Life per Enemy Hit,,Claw,One Handed
Sparksteel Claw,Physical Damage: 14-38,Critical Strike Chance: 7%,Attack Speed: 1.6,"Requires Level 30, 64 Dex, 44 Int",Grants 15 Life per Enemy Hit,,Claw,One Handed
Fear Claw,Physical Damage: 12-46,Critical Strike Chance: 7.5%,Attack Speed: 1.5,"Requires Level 34, 61 Dex, 61 Int",Grants 20 Life per Enemy Hit,,Claw,One Handed
Double Talon,Physical Damage: 15-44,Critical Strike Chance: 7.5%,Attack Speed: 1.5,"Requires Level 36, 67 Dex, 67 Int",Grants 15 Life per Enemy Hit,Grants 6 Mana per Enemy Hit,Claw,One Handed
Thresh Claw,Physical Damage: 20-53,Critical Strike Chance: 8%,Attack Speed: 1.3,"Requires Level 37, 53 Dex, 77 Int",Grants 25 Life per Enemy Hit,,Claw,One Handed
Gouger Fang,Physical Damage: 15-51,Critical Strike Chance: 7.5%,Attack Speed: 1.5,"Requires Level 40, 70 Dex, 70 Int",Grants 24 Life per Enemy Hit,,Claw,One Handed
Tiger's Talon,Physical Damage: 23-43,Critical Strike Chance: 7%,Attack Speed: 1.6,"Requires Level 43, 88 Dex, 61 Int",1.6% of Physical Attack Damage Leeched as Life,,Claw,One Handed
Gut Ripper,Physical Damage: 20-53,Critical Strike Chance: 7.5%,Attack Speed: 1.5,"Requires Level 46, 80 Dex, 80 Int",Grants 44 Life per Enemy Hit,,Claw,One Handed
Primordial Claw,Physical Damage: 26-68,Critical Strike Chance: 8%,Attack Speed: 1.3,"Requires Level 49, 69 Dex, 100 Int",2% of Physical Attack Damage Leeched as Life,,Claw,One Handed
Noble Talon,Physical Damage: 21-56,Critical Strike Chance: 7%,Attack Speed: 1.6,"Requires Level 52, 105 Dex, 73 Int",Grants 40 Life per Enemy Hit,,Claw,One Handed
Eagle Fang,Physical Damage: 17-69,Critical Strike Chance: 7.5%,Attack Speed: 1.5,"Requires Level 55, 94 Dex, 94 Int",2% of Physical Attack Damage Leeched as Life,,Claw,One Handed
Twin Talon,Physical Damage: 21-64,Critical Strike Chance: 7.5%,Attack Speed: 1.5,"Requires Level 57, 103 Dex, 103 Int",Grants 28 Life per Enemy Hit,Grants 10 Mana per Enemy Hit,Claw,One Handed
Whitefang Claw,Physical Damage: 30-78,Critical Strike Chance: 8%,Attack Speed: 1.3,"Requires Level 58, 81 Dex, 117 Int",Grants 46 Life per Enemy Hit,,Claw,One Handed
Throat Ripper,Physical Damage: 21-73,Critical Strike Chance: 7.5%,Attack Speed: 1.5,"Requires Level 60, 113 Dex, 113 Int",Grants 40 Life per Enemy Hit,,Claw,One Handed
Hellion's Talon,Physical Damage: 29-55,Critical Strike Chance: 7%,Attack Speed: 1.6,"Requires Level 62, 131 Dex, 95 Int",1.6% of Physical Attack Damage Leeched as Life,,Claw,One Handed
Eye Gouger,Physical Damage: 26-68,Critical Strike Chance: 7.5%,Attack Speed: 1.5,"Requires Level 64, 113 Dex, 113 Int",Grants 50 Life per Enemy Hit,,Claw,One Handed
Vaal Claw,Physical Damage: 29-76,Critical Strike Chance: 8%,Attack Speed: 1.3,"Requires Level 66, 95 Dex, 131 Int",2% of Physical Attack Damage Leeched as Life,,Claw,One Handed
Imperial Talon,Physical Damage: 25-65,Critical Strike Chance: 7%,Attack Speed: 1.6,"Requires Level 68, 131 Dex, 95 Int",Grants 46 Life per Enemy Hit,,Claw,One Handed
Terror Fang,Physical Damage: 18-71,Critical Strike Chance: 7.5%,Attack Speed: 1.5,"Requires Level 70, 113 Dex, 113 Int",2% of Physical Attack Damage Leeched as Life,,Claw,One Handed
Gemini Claw,Physical Damage: 23-68,Critical Strike Chance: 7.5%,Attack Speed: 1.5,"Requires Level 72, 121 Dex, 121 Int",Grants 38 Life per Enemy Hit,Grants 14 Mana per Enemy Hit,Claw,One Handed
Crude Bow,Physical Damage: 5-13,Critical Strike Chance: 5%,Attack Speed: 1.4,"Requires 14 Dex",,,Bow,Two Handed
Short Recurve,Physical Damage: 6-16,Critical Strike Chance: 5%,Attack Speed: 1.5,"Requires Level 5, 26 Dex",,,Bow,Two Handed
Longbow,Physical Damage: 8-33,Critical Strike Chance: 6%,Attack Speed: 1.3,"Requires Level 9, 38 Dex",,,Bow,Two Handed
Composite Bow,Physical Damage: 16-34,Critical Strike Chance: 6%,Attack Speed: 1.3,"Requires Level 14, 53 Dex",,,Bow,Two Handed
Reflex Bow,Physical Damage: 15-45,Critical Strike Chance: 6.7%,Attack Speed: 1.25,"Requires Level 18, 65 Dex","+(15–25)% to Global Critical Strike Multiplier",,Bow,Two Handed
Bone Recurve,Physical Damage: 15-45,Critical Strike Chance: 6.5%,Attack Speed: 1.4,"Requires Level 23, 80 Dex",,,Bow,Two Handed
Royal Longbow,Physical Damage: 14-56,Critical Strike Chance: 5%,Attack Speed: 1.45,"Requires Level 28, 95 Dex",(20–24)% increased Elemental Damage with Attack Skills,,Bow,Two Handed
Deathstring Bow,Physical Damage: 28-73,Critical Strike Chance: 5%,Attack Speed: 1.2,"Requires Level 32, 107 Dex",(30–50)% increased Critical Strike Chance,,Bow,Two Handed
Grove Recurve,Physical Damage: 37-56,Critical Strike Chance: 5.5%,Attack Speed: 1.4,"Requires Level 36, 124 Dex",6% increased Attack Speed,,Bow,Two Handed
Thorn Bow,Physical Damage: 20-61,Critical Strike Chance: 5%,Attack Speed: 1.5,"Requires Level 35, 116 Dex",,,Bow,Two Handed
Decurve Bow,Physical Damage: 24-96,Critical Strike Chance: 6%,Attack Speed: 1.25,"Requires Level 38, 125 Dex",,,Bow,Two Handed
Compound Recurve,Physical Damage: 37-76,Critical Strike Chance: 6%,Attack Speed: 1.3,"Requires Level 41, 134 Dex",,,Bow,Two Handed
Sniper's Bow,Physical Damage: 32-96,Critical Strike Chance: 6.7%,Attack Speed: 1.25,"Requires Level 44, 143 Dex","+(15–25)% to Global Critical Strike Multiplier",,Bow,Two Handed
Ivory Longbow,Physical Damage: 29-86,Critical Strike Chance: 6.5%,Attack Speed: 1.4,"Requires Level 47, 152 Dex",,,Bow,Two Handed
Highborn Recurve,Physical Damage: 24-94,Critical Strike Chance: 5%,Attack Speed: 1.45,"Requires Level 50, 161 Dex",(20–24)% increased Elemental Damage with Attack Skills,,Bow,Two Handed
Decimator Bow,Physical Damage: 44-116,Critical Strike Chance: 5%,Attack Speed: 1.2,"Requires Level 53, 170 Dex",(30–50)% increased Critical Strike Chance,,Bow,Two Handed
Steelwood Bow,Physical Damage: 58-86,Critical Strike Chance: 5.5%,Attack Speed: 1.4,"Requires Level 57, 190 Dex",6% increased Attack Speed,,Bow,Two Handed
Thicket Longbow,Physical Damage: 32-96,Critical Strike Chance: 5%,Attack Speed: 1.5,"Requires Level 56, 179 Dex",,,Bow,Two Handed
Citadel Recurve,Physical Damage: 36-144,Critical Strike Chance: 6%,Attack Speed: 1.25,"Requires Level 58, 185 Dex",,,Bow,Two Handed
Ranger's Bow,Physical Damage: 56-117,Critical Strike Chance: 6%,Attack Speed: 1.3,"Requires Level 60, 212 Dex",,,Bow,Two Handed
Assassin's Recurve,Physical Damage: 43-130,Critical Strike Chance: 6.7%,Attack Speed: 1.25,"Requires Level 62, 212 Dex","+(15–25)% to Global Critical Strike Multiplier",,Bow,Two Handed
Spine Bow,Physical Damage: 38-115,Critical Strike Chance: 6.5%,Attack Speed: 1.4,"Requires Level 64, 212 Dex",,,Bow,Two Handed
Imperial Longbow,Physical Damage: 29-117,Critical Strike Chance: 5%,Attack Speed: 1.45,"Requires Level 66, 212 Dex",(20–24)% increased Elemental Damage with Attack Skills,,Bow,Two Handed
Harbinger's Bow,Physical Damage: 50-133,Critical Strike Chance: 5%,Attack Speed: 1.2,"Requires Level 68, 212 Dex",(30–50)% increased Critical Strike Chance,,Bow,Two Handed
Worn Hatchet,Physical Damage: 6-11,Critical Strike Chance: 5%,Attack Speed: 1.5,"Requires Level 2, 12 Str, 6 Dex",,,Axe,One Handed
Jade Cleaver,Physical Damage: 10-15,Critical Strike Chance: 5%,Attack Speed: 1.45,"Requires Level 6, 21 Str, 10 Dex",,,Axe,One Handed
Mariner's Axe,Physical Damage: 11-21,Critical Strike Chance: 5%,Attack Speed: 1.5,"Requires Level 11, 28 Str, 19 Dex",,,Axe,One Handed
Flesh Splitter,Physical Damage: 12-35,Critical Strike Chance: 5%,Attack Speed: 1.3,"Requires Level 16, 48 Str, 14 Dex",,,Axe,One Handed
Hefty Axe,Physical Damage: 19-34,Critical Strike Chance: 5%,Attack Speed: 1.35,"Requires Level 21, 54 Str, 25 Dex",,,Axe,One Handed
War Cutter,Physical Damage: 14-42,Critical Strike Chance: 5%,Attack Speed: 1.4,"Requires Level 25, 58 Str, 33 Dex",,,Axe,One Handed
Ceremonial Cleaver,Physical Damage: 27-50,Critical Strike Chance: 5%,Attack Speed: 1.2,"Requires Level 29, 80 Str, 23 Dex",,,Axe,One Handed
Spectral Reaver,Physical Damage: 29-48,Critical Strike Chance: 5%,Attack Speed: 1.3,"Requires Level 33, 85 Str, 37 Dex",,,Axe,One Handed
Runed Hatchet,Physical Damage: 26-46,Critical Strike Chance: 5%,Attack Speed: 1.35,"Requires Level 35, 93 Str, 43 Dex",8% increased Global Physical Damage,,Axe,One Handed
Malachite Axe,Physical Damage: 32-50,Critical Strike Chance: 5%,Attack Speed: 1.3,"Requires Level 36, 86 Str, 40 Dex",,,Axe,One Handed
Battle Tomahawk,Physical Damage: 25-46,Critical Strike Chance: 5%,Attack Speed: 1.5,"Requires Level 39, 81 Str, 56 Dex",,,Axe,One Handed
Wrist Hacker,Physical Damage: 26-79,Critical Strike Chance: 5%,Attack Speed: 1.2,"Requires Level 42, 112 Str, 32 Dex",,,Axe,One Handed
Blood Axe,Physical Damage: 35-65,Critical Strike Chance: 5%,Attack Speed: 1.3,"Requires Level 45, 106 Str, 49 Dex",,,Axe,One Handed
Heart Splitter,Physical Damage: 24-71,Critical Strike Chance: 5%,Attack Speed: 1.4,"Requires Level 48, 105 Str, 60 Dex",,,Axe,One Handed
Ritual Chopper,Physical Damage: 45-83,Critical Strike Chance: 5%,Attack Speed: 1.2,"Requires Level 51, 134 Str, 39 Dex",,,Axe,One Handed
Wraith Cleaver,Physical Damage: 45-75,Critical Strike Chance: 5%,Attack Speed: 1.3,"Requires Level 54, 134 Str, 59 Dex",,,Axe,One Handed
Elder Hatchet,Physical Damage: 40-71,Critical Strike Chance: 5%,Attack Speed: 1.35,"Requires Level 56, 143 Str, 66 Dex",8% increased Global Physical Damage,,Axe,One Handed
Karui Reaver,Physical Damage: 49-77,Critical Strike Chance: 5%,Attack Speed: 1.3,"Requires Level 57, 132 Str, 62 Dex",,,Axe,One Handed
Siege Breaker,Physical Damage: 38-70,Critical Strike Chance: 5%,Attack Speed: 1.5,"Requires Level 59, 119 Str, 82 Dex",,,Axe,One Handed
Raven Axe,Physical Damage: 38-114,Critical Strike Chance: 5%,Attack Speed: 1.2,"Requires Level 61, 167 Str, 57 Dex",,,Axe,One Handed
Butcher's Edge,Physical Damage: 47-87,Critical Strike Chance: 5%,Attack Speed: 1.3,"Requires Level 63, 149 Str, 76 Dex",,,Axe,One Handed
Vaal Splitter,Physical Damage: 30-90,Critical Strike Chance: 5%,Attack Speed: 1.4,"Requires Level 65, 140 Str, 86 Dex",,,Axe,One Handed
Royal Cleaver,Physical Damage: 54-100,Critical Strike Chance: 5%,Attack Speed: 1.2,"Requires Level 67, 167 Str, 57 Dex",,,Axe,One Handed
Infernal Hatchet,Physical Damage: 51-85,Critical Strike Chance: 5%,Attack Speed: 1.3,"Requires Level 69, 158 Str, 76 Dex",,,Axe,One Handed
Runic Axe,Physical Damage: 44-79,Critical Strike Chance: 5%,Attack Speed: 1.35,"Requires Level 71, 163 Str, 82 Dex",12% increased Global Physical Damage,,Axe,One Handed
Rusted Sword,Physical Damage: 4-9,Critical Strike Chance: 5%,Attack Speed: 1.55,"Requires 8 Str, 8 Dex",,,Sword,One Handed
Copper Sword,Physical Damage: 6-14,Critical Strike Chance: 5%,Attack Speed: 1.5,"Requires Level 5, 14 Str, 14 Dex"',"+45 to Accuracy Rating",,Sword,One Handed
Sabre,Physical Damage: 5-22,Critical Strike Chance: 5%,Attack Speed: 1.55,"Requires Level 10, 18 Str, 26 Dex"',40% increased Global Accuracy Rating,,Sword,One Handed
Broad Sword,Physical Damage: 15-21,Critical Strike Chance: 5%,Attack Speed: 1.45,"Requires Level 15, 30 Str, 30 Dex"',40% increased Global Accuracy Rating,,Sword,One Handed
War Sword,Physical Damage: 16-30,Critical Strike Chance: 5%,Attack Speed: 1.4,"Requires Level 20, 41 Str, 35 Dex"',40% increased Global Accuracy Rating,,Sword,One Handed
Ancient Sword,Physical Damage: 18-33,Critical Strike Chance: 5%,Attack Speed: 1.45,"Requires Level 24, 44 Str, 44 Dex"',"+165 to Accuracy Rating",,Sword,One Handed
Elegant Sword,Physical Damage: 20-33,Critical Strike Chance: 5%,Attack Speed: 1.5,"Requires Level 28, 46 Str, 55 Dex"',"+190 to Accuracy Rating",,Sword,One Handed
Dusk Blade,Physical Damage: 19-54,Critical Strike Chance: 5%,Attack Speed: 1.3,"Requires Level 32, 57 Str, 57 Dex"',40% increased Global Accuracy Rating,,Sword,One Handed
Hook Sword,Physical Damage: 28-60,Critical Strike Chance: 5%,Attack Speed: 1.15,"Requires Level 34, 64 Str, 64 Dex"',15% chance to Maim on Hit,,Sword,One Handed
Variscite Blade,Physical Damage: 25-53,Critical Strike Chance: 5%,Attack Speed: 1.3,"Requires Level 35, 62 Str, 62 Dex"',"+240 to Accuracy Rating",,Sword,One Handed
Cutlass,Physical Damage: 13-53,Critical Strike Chance: 5%,Attack Speed: 1.55,"Requires Level 38, 55 Str, 79 Dex"',40% increased Global Accuracy Rating,,Sword,One Handed
Baselard,Physical Damage: 37-53,Critical Strike Chance: 5%,Attack Speed: 1.3,"Requires Level 41, 72 Str, 72 Dex"',40% increased Global Accuracy Rating,,Sword,One Handed
Battle Sword,Physical Damage: 38-70,Critical Strike Chance: 5%,Attack Speed: 1.2,"Requires Level 44, 83 Str, 70 Dex"',40% increased Global Accuracy Rating,,Sword,One Handed
Elder Sword,Physical Damage: 36-66,Critical Strike Chance: 5%,Attack Speed: 1.3,"Requires Level 47, 81 Str, 81 Dex"',"+330 to Accuracy Rating",,Sword,One Handed
Graceful Sword,Physical Damage: 34-55,Critical Strike Chance: 5%,Attack Speed: 1.5,"Requires Level 50, 78 Str, 94 Dex"',"+350 to Accuracy Rating",,Sword,One Handed
Twilight Blade,Physical Damage: 30-86,Critical Strike Chance: 5%,Attack Speed: 1.3,"Requires Level 53, 91 Str, 91 Dex"',40% increased Global Accuracy Rating,,Sword,One Handed
Grappler,Physical Damage: 44-94,Critical Strike Chance: 5%,Attack Speed: 1.15,"Requires Level 55, 99 Str, 99 Dex"',15% chance to Maim on Hit,,Sword,One Handed
Gemstone Sword,Physical Damage: 39-83,Critical Strike Chance: 5%,Attack Speed: 1.3,"Requires Level 56, 96 Str, 96 Dex"',"+400 to Accuracy Rating",,Sword,One Handed
Corsair Sword,Physical Damage: 20-80,Critical Strike Chance: 5%,Attack Speed: 1.55,"Requires Level 58, 81 Str, 117 Dex"',40% increased Global Accuracy Rating,,Sword,One Handed
Gladius,Physical Damage: 54-78,Critical Strike Chance: 5%,Attack Speed: 1.3,"Requires Level 60, 113 Str, 113 Dex"',40% increased Global Accuracy Rating,,Sword,One Handed
Legion Sword,Physical Damage: 53-98,Critical Strike Chance: 5%,Attack Speed: 1.2,"Requires Level 62, 122 Str, 104 Dex"',40% increased Global Accuracy Rating,,Sword,One Handed
Vaal Blade,Physical Damage: 46-86,Critical Strike Chance: 5%,Attack Speed: 1.3,"Requires Level 64, 113 Str, 113 Dex"',"+460 to Accuracy Rating",,Sword,One Handed
Eternal Sword,Physical Damage: 41-68,Critical Strike Chance: 5%,Attack Speed: 1.5,"Requires Level 66, 104 Str, 122 Dex"',"+475 to Accuracy Rating",,Sword,One Handed
Midnight Blade,Physical Damage: 35-99,Critical Strike Chance: 5%,Attack Speed: 1.3,"Requires Level 68, 113 Str, 113 Dex"',40% increased Global Accuracy Rating,,Sword,One Handed
Tiger Hook,Physical Damage: 37-80,Critical Strike Chance: 5%,Attack Speed: 1.4,"Requires Level 70, 119 Str, 119 Dex"',20% chance to Maim on Hit,,Sword,One Handed
Gnarled Branch,Physical Damage: 9-19,Critical Strike Chance: 7.5%,Attack Speed: 1.3,"Requires Level 4, 12 Str, 12 Int"',+20% Chance to Block Spell Damage while wielding a Staff,,Staff,Two Handed
Primitive Staff,Physical Damage: 10-31,Critical Strike Chance: 8%,Attack Speed: 1.3,"Requires Level 9, 20 Str, 20 Int"',+20% Chance to Block Spell Damage while wielding a Staff,,Staff,Two Handed
Long Staff,Physical Damage: 24-41,Critical Strike Chance: 7.5%,Attack Speed: 1.3,"Requires Level 18, 35 Str, 35 Int"',+20% Chance to Block Spell Damage while wielding a Staff,,Staff,Two Handed
Royal Staff,Physical Damage: 27-81,Critical Strike Chance: 8.5%,Attack Speed: 1.15,"Requires Level 28, 51 Str, 51 Int"',+20% Chance to Block Spell Damage while wielding a Staff,,Staff,Two Handed
Crescent Staff,Physical Damage: 41-85,Critical Strike Chance: 7.5%,Attack Speed: 1.2,"Requires Level 36, 66 Str, 66 Int"',80% increased Global Critical Strike Chance,,Staff,Two Handed
Woodful Staff,Physical Damage: 34-102,Critical Strike Chance: 8%,Attack Speed: 1.15,"Requires Level 37, 65 Str, 65 Int"',+22% Chance to Block Spell Damage while wielding a Staff,,Staff,Two Handed
Quarterstaff,Physical Damage: 51-86,Critical Strike Chance: 7.5%,Attack Speed: 1.3,"Requires Level 45, 78 Str, 78 Int"',+22% Chance to Block Spell Damage while wielding a Staff,,Staff,Two Handed
Highborn Staff,Physical Damage: 48-145,Critical Strike Chance: 8.25%,Attack Speed: 1.15,"Requires Level 52, 89 Str, 89 Int"',+22% Chance to Block Spell Damage while wielding a Staff,,Staff,Two Handed
Moon Staff,Physical Damage: 66-138,Critical Strike Chance: 7.5%,Attack Speed: 1.2,"Requires Level 57, 101 Str, 101 Int"',80% increased Global Critical Strike Chance,,Staff,Two Handed
Primordial Staff,Physical Damage: 55-165,Critical Strike Chance: 8%,Attack Speed: 1.15,"Requires Level 58, 99 Str, 99 Int"',+25% Chance to Block Spell Damage while wielding a Staff,,Staff,Two Handed
Lathi,Physical Damage: 72-120,Critical Strike Chance: 7.5%,Attack Speed: 1.3,"Requires Level 62, 113 Str, 113 Int"',+25% Chance to Block Spell Damage while wielding a Staff,,Staff,Two Handed
Imperial Staff,Physical Damage: 57-171,Critical Strike Chance: 8.5%,Attack Speed: 1.15,"Requires Level 66, 113 Str, 113 Int"',+25% Chance to Block Spell Damage while wielding a Staff,,Staff,Two Handed
Eclipse Staff,Physical Damage: 70-145,Critical Strike Chance: 7.5%,Attack Speed: 1.2,"Requires Level 70, 117 Str, 117 Int"',100% increased Global Critical Strike Chance,,Staff,Two Handed
Corroded Blade,Physical Damage: 8-16,Critical Strike Chance: 5%,Attack Speed: 1.45,"Requires Level 3, 11 Str, 11 Dex"',40% increased Global Accuracy Rating,,Sword,Two Handed
Longsword,Physical Damage: 11-26,Critical Strike Chance: 5%,Attack Speed: 1.4,"Requires Level 8, 20 Str, 17 Dex"',"+60 to Accuracy Rating",,Sword,Two Handed
Bastard Sword,Physical Damage: 17-29,Critical Strike Chance: 5%,Attack Speed: 1.45,"Requires Level 12, 21 Str, 30 Dex"',60% increased Global Accuracy Rating,,Sword,Two Handed
Two-Handed Sword,Physical Damage: 20-38,Critical Strike Chance: 5%,Attack Speed: 1.4,"Requires Level 17, 33 Str, 33 Dex"',"+120 to Accuracy Rating",,Sword,Two Handed
Etched Greatsword,Physical Damage: 23-48,Critical Strike Chance: 5%,Attack Speed: 1.4,"Requires Level 22, 45 Str, 38 Dex"',60% increased Global Accuracy Rating,,Sword,Two Handed
Ornate Sword,Physical Damage: 30-50,Critical Strike Chance: 5%,Attack Speed: 1.4,"Requires Level 27, 45 Str, 54 Dex"',"+185 to Accuracy Rating",,Sword,Two Handed
Spectral Sword,Physical Damage: 31-65,Critical Strike Chance: 5%,Attack Speed: 1.35,"Requires Level 32, 57 Str, 57 Dex"',45% increased Global Accuracy Rating,,Sword,Two Handed
Curved Blade,Physical Damage: 41-68,Critical Strike Chance: 6%,Attack Speed: 1.35,"Requires Level 35, 62 Str, 73 Dex"',"+40% to Global Critical Strike Multiplier",,Sword,Two Handed
Butcher Sword,Physical Damage: 34-79,Critical Strike Chance: 5%,Attack Speed: 1.3,"Requires Level 36, 69 Str, 58 Dex"',"+250 to Accuracy Rating",,Sword,Two Handed
Footman Sword,Physical Damage: 39-65,Critical Strike Chance: 5%,Attack Speed: 1.45,"Requires Level 40, 57 Str, 83 Dex"',60% increased Global Accuracy Rating,,Sword,Two Handed
Highland Blade,Physical Damage: 45-84,Critical Strike Chance: 5%,Attack Speed: 1.35,"Requires Level 44, 77 Str, 77 Dex"',"+305 to Accuracy Rating",,Sword,Two Handed
Engraved Greatsword,Physical Damage: 49-102,Critical Strike Chance: 5%,Attack Speed: 1.3,"Requires Level 48, 91 Str, 76 Dex"',60% increased Global Accuracy Rating,,Sword,Two Handed
Tiger Sword,Physical Damage: 54-89,Critical Strike Chance: 5%,Attack Speed: 1.4,"Requires Level 51, 80 Str, 96 Dex"',"+360 to Accuracy Rating",,Sword,Two Handed
Wraith Sword,Physical Damage: 52-109,Critical Strike Chance: 5%,Attack Speed: 1.35,"Requires Level 54, 93 Str, 93 Dex"',45% increased Global Accuracy Rating,,Sword,Two Handed
Lithe Blade,Physical Damage: 63-104,Critical Strike Chance: 6%,Attack Speed: 1.35,"Requires Level 56, 96 Str, 113 Dex"',"+40% to Global Critical Strike Multiplier",,Sword,Two Handed
Headman's Sword,Physical Damage: 55-128,Critical Strike Chance: 5%,Attack Speed: 1.3,"Requires Level 57, 106 Str, 89 Dex"',"+400 to Accuracy Rating",,Sword,Two Handed
Reaver Sword,Physical Damage: 62-104,Critical Strike Chance: 5%,Attack Speed: 1.5,"Requires Level 59, 82 Str, 119 Dex"',60% increased Global Accuracy Rating,,Sword,Two Handed
Ezomyte Blade,Physical Damage: 62-115,Critical Strike Chance: 6.5%,Attack Speed: 1.4,"Requires Level 61, 113 Str, 113 Dex"',"+25% to Global Critical Strike Multiplier",,Sword,Two Handed
Vaal Greatsword,Physical Damage: 68-142,Critical Strike Chance: 5%,Attack Speed: 1.3,"Requires Level 63, 122 Str, 104 Dex"',"+470 to Accuracy Rating",,Sword,Two Handed
Lion Sword,Physical Damage: 69-115,Critical Strike Chance: 5%,Attack Speed: 1.45,"Requires Level 65, 104 Str, 122 Dex"',"+50 to Strength and Dexterity",,Sword,Two Handed
Infernal Sword,Physical Damage: 62-129,Critical Strike Chance: 5%,Attack Speed: 1.35,"Requires Level 67, 113 Str, 113 Dex"',30% increased Elemental Damage with Attack Skills,,Sword,Two Handed
Exquisite Blade,Physical Damage: 67-112,Critical Strike Chance: 5.7%,Attack Speed: 1.35,"Requires Level 70, 119 Str, 131 Dex"',"+50% to Global Critical Strike Multiplier",,Sword,Two Handed
Driftwood Maul,Physical Damage: 10-16,Critical Strike Chance: 5%,Attack Speed: 1.3,"Requires Level 3, 20 Str"',10% reduced Enemy Stagger Threshold,,Mace,Two Handed
Tribal Maul,Physical Damage: 17-25,Critical Strike Chance: 5%,Attack Speed: 1.25,"Requires Level 8, 35 Str"',12% reduced Enemy Stagger Threshold,5% chance to cause enemies hit to Crumble.,Mace,Two Handed
Mallet,Physical Damage: 16-33,Critical Strike Chance: 5%,Attack Speed: 1.3,"Requires Level 12, 47 Str"',15% reduced Enemy Stagger Threshold,,Mace,Two Handed
Sledgehammer,Physical Damage: 25-38,Critical Strike Chance: 5%,Attack Speed: 1.3,"Requires Level 17, 62 Str"',35% increased damage to Staggered enemies,10% chance to cause enemies hit to Crumble.,Mace,Two Handed
Jagged Maul,Physical Damage: 27-49,Critical Strike Chance: 5%,Attack Speed: 1.3,"Requires Level 22, 77 Str"',18% reduced Enemy Stagger Threshold,,Mace,Two Handed
Brass Maul,Physical Damage: 40-60,Critical Strike Chance: 5%,Attack Speed: 1.2,"Requires Level 27, 92 Str"',30% increased Stagger Duration on Enemies,,Mace,Two Handed
Fright Maul,Physical Damage: 46-62,Critical Strike Chance: 5%,Attack Speed: 1.25,"Requires Level 32, 107 Str"',30% increased Stagger Duration on Enemies,10% chance to cause enemies hit to Crumble.,Mace,Two Handed
Morning Star,Physical Damage: 45-68,Critical Strike Chance: 5%,Attack Speed: 1.25,"Requires Level 34, 118 Str"',20% reduced Enemy Stagger Threshold,10% chance to consume Crumble on hit.,Mace,Two Handed
Totemic Maul,Physical Damage: 57-85,Critical Strike Chance: 5%,Attack Speed: 1.1,"Requires Level 36, 119 Str"',30% increased Stagger Duration on Enemies,,Mace,Two Handed
Great Mallet,Physical Damage: 43-88,Critical Strike Chance: 5%,Attack Speed: 1.25,"Requires Level 40, 131 Str"',30% increased Stagger Duration on Enemies,20% chance to cause enemies hit to Crumble.,Mace,Two Handed
Steelhead,Physical Damage: 54-81,Critical Strike Chance: 5%,Attack Speed: 1.3,"Requires Level 44, 143 Str"',45% increased Stagger Duration on Enemies,15% chance to consume Crumble on hit.,Mace,Two Handed
Spiny Maul,Physical Damage: 55-103,Critical Strike Chance: 5%,Attack Speed: 1.25,"Requires Level 48, 155 Str"',30% increased Stagger Duration on Enemies,30% increased Crumble magnitude on Staggered enemies,Mace,Two Handed
Plated Maul,Physical Damage: 72-108,Critical Strike Chance: 5%,Attack Speed: 1.2,"Requires Level 51, 164 Str"',30% increased Stagger Duration on Enemies,35% increased Crumble magnitude on Staggered enemies,Mace,Two Handed
Dread Maul,Physical Damage: 77-104,Critical Strike Chance: 5%,Attack Speed: 1.25,"Requires Level 54, 173 Str"',30% increased Stagger Duration on Enemies,25% chance to cause enemies hit to Crumble.,Mace,Two Handed
Solar Maul,Physical Damage: 75-113,Critical Strike Chance: 5%,Attack Speed: 1.25,"Requires Level 56, 187 Str"',25% reduced Enemy Stagger Threshold,,Mace,Two Handed
Karui Maul,Physical Damage: 112-168,Critical Strike Chance: 5%,Attack Speed: 1,"Requires Level 57, 182 Str"',45% increased Stagger Duration on Enemies,40% increased Crumble magnitude on Staggered enemies.,Mace,Two Handed
Colossus Mallet,Physical Damage: 65-135,Critical Strike Chance: 5.5%,Attack Speed: 1.3,"Requires Level 59, 188 Str"',30% increased Area Damage,,Mace,Two Handed
Piledriver,Physical Damage: 77-115,Critical Strike Chance: 5%,Attack Speed: 1.35,"Requires Level 61, 212 Str"',30% reduced Enemy Stagger Threshold,35% increased damage to Staggered enemies,Mace,Two Handed
Meatgrinder,Physical Damage: 74-138,Critical Strike Chance: 5%,Attack Speed: 1.25,"Requires Level 63, 212 Str"',5% chance to deal Double Damage,,Mace,Two Handed
Imperial Maul,Physical Damage: 102-153,Critical Strike Chance: 5%,Attack Speed: 1.1,"Requires Level 65, 212 Str"',10% increased Strength,,Mace,Two Handed
Terror Maul,Physical Damage: 101-137,Critical Strike Chance: 6%,Attack Speed: 1.15,"Requires Level 67, 212 Str"',25% chance to double Stagger Duration,50% increased damage to Staggered enemies,Mace,Two Handed
Coronal Maul,Physical Damage: 91-136,Critical Strike Chance: 5%,Attack Speed: 1.2,"Requires Level 69, 220 Str"',40% reduced Enemy Stagger Threshold,60% increased damage to Staggered enemies,Mace,Two Handed
Stone Axe,Physical Damage: 12-20,Critical Strike Chance: 5%,Attack Speed: 1.3,"Requires Level 4, 17 Str, 8 Dex"',5% chance to apply Bleed on hit,,Axe,Two Handed
Jade Chopper,Physical Damage: 19-30,Critical Strike Chance: 5%,Attack Speed: 1.25,"Requires Level 9, 31 Str, 9 Dex"',5% chance to apply Bleed on hit,,Axe,Two Handed
Woodsplitter,Physical Damage: 19-39,Critical Strike Chance: 5%,Attack Speed: 1.3,"Requires Level 13, 36 Str, 17 Dex"',5% chance to Vunlerable on hit,,Axe,Two Handed
Poleaxe,Physical Damage: 29-43,Critical Strike Chance: 5%,Attack Speed: 1.3,"Requires Level 18, 44 Str, 25 Dex"',10% chance to Vunlerable on hit,,Axe,Two Handed
Double Axe,Physical Damage: 36-60,Critical Strike Chance: 5%,Attack Speed: 1.25,"Requires Level 23, 62 Str, 27 Dex"',15% chance to apply Bleed on hit,,Axe,Two Handed
Gilded Axe,Physical Damage: 43-58,Critical Strike Chance: 5%,Attack Speed: 1.3,"Requires Level 28, 64 Str, 37 Dex"',15% chance to apply Bleed on hit,,Axe,Two Handed
Shadow Axe,Physical Damage: 49-73,Critical Strike Chance: 5%,Attack Speed: 1.25,"Requires Level 33, 80 Str, 37 Dex"',15% chance to Vunlerable on hit,,Axe,Two Handed
Dagger Axe,Physical Damage: 53-83,Critical Strike Chance: 5%,Attack Speed: 1.2,"Requires Level 36, 89 Str, 43 Dex"',50% increased Critical Strike Chance,,Axe,Two Handed
Jasper Chopper,Physical Damage: 58-91,Critical Strike Chance: 5%,Attack Speed: 1.15,"Requires Level 37, 100 Str, 29 Dex"',15% chance to Vunlerable on hit,,Axe,Two Handed
Timber Axe,Physical Damage: 48-99,Critical Strike Chance: 5%,Attack Speed: 1.25,"Requires Level 41, 97 Str, 45 Dex"',20% chance to apply Bleed on hit,,Axe,Two Handed
Headsman Axe,Physical Damage: 61-92,Critical Strike Chance: 5%,Attack Speed: 1.3,"Requires Level 45, 99 Str, 57 Dex"',20% chance to apply Vulnerable on hit,,Axe,Two Handed
Labrys,Physical Damage: 74-123,Critical Strike Chance: 5%,Attack Speed: 1.2,"Requires Level 49, 122 Str, 53 Dex"',50% increased Critical Strike Chance,,Axe,Two Handed
Noble Axe,Physical Damage: 76-103,Critical Strike Chance: 5%,Attack Speed: 1.3,"Requires Level 52, 113 Str, 65 Dex"',20% chance to apply Bleed on hit,,Axe,Two Handed
Abyssal Axe,Physical Damage: 81-121,Critical Strike Chance: 5%,Attack Speed: 1.25,"Requires Level 55, 128 Str, 60 Dex"',25% chance to apply Vulnerable on hit,,Axe,Two Handed
Talon Axe,Physical Damage: 88-138,Critical Strike Chance: 5%,Attack Speed: 1.2,"Requires Level 59, 140 Str, 67 Dex"',50% increased Critical Strike Chance,,Axe,Two Handed
Heavy Chopper,Physical Damage: 121-189,Critical Strike Chance: 5%,Attack Speed: 1.05,"Requires Level 58, 151 Str, 43 Dex"',25% chance to apply Vulnerable on hit,,Axe,Two Handed
Sundering Axe,Physical Damage: 74-155,Critical Strike Chance: 5%,Attack Speed: 1.3,"Requires Level 60, 149 Str, 76 Dex"',20% chance to apply Bleed on hit,,Axe,Two Handed
Ezomyte Axe,Physical Damage: 87-131,Critical Strike Chance: 5.7%,Attack Speed: 1.35,"Requires Level 62, 140 Str, 86 Dex"',50% increased Critical Strike Chance,"+1 Wave Card Draw",Axe,Two Handed
Vaal Axe,Physical Damage: 104-174,Critical Strike Chance: 5%,Attack Speed: 1.15,"Requires Level 64, 158 Str, 76 Dex"',25% chance to apply Vulnerable on hit,"+1 End Turn Card Draw",Axe,Two Handed
Despot Axe,Physical Damage: 90-122,Critical Strike Chance: 5%,Attack Speed: 1.4,"Requires Level 66, 140 Str, 86 Dex"',20% increased Attack speed,"+(1-2) Wave Card Draw",Axe,Two Handed
Void Axe,Physical Damage: 96-144,Critical Strike Chance: 6%,Attack Speed: 1.25,"Requires Level 68, 149 Str, 76 Dex"',20% chance to consume Crumble on hit.,"+(1-2) End Turn Card Draw",Axe,Two Handed
Fleshripper,Physical Damage: 97-152,Critical Strike Chance: 5%,Attack Speed: 1.2,"Requires Level 70, 156 Str, 84 Dex"',50% increased Critical Strike Chance,20% chance to consume Crumble on hit.,Axe,Two Handed